record_type,schema_version,event_seq,channel_id,edge,timestamp_ticks,capture_domain,flags
REF,1,1000,1,R,538486592,rp2040_timer0,16
REF,1,1001,1,R,570486240,rp2040_timer0,16
REF,1,1002,1,R,586486176,rp2040_timer0,16
REF,1,1003,1,R,602486096,rp2040_timer0,16
REF,1,1004,1,R,618486032,rp2040_timer0,16
REF,1,1005,1,R,634485984,rp2040_timer0,16
REF,1,1006,1,R,650485952,rp2040_timer0,16
REF,1,1007,1,R,666485904,rp2040_timer0,16
REF,1,1008,1,R,682485856,rp2040_timer0,16
REF,1,1009,1,R,698485808,rp2040_timer0,16
REF,1,1010,1,R,714485760,rp2040_timer0,16
REF,1,1011,1,R,730485712,rp2040_timer0,16
REF,1,1012,1,R,746485648,rp2040_timer0,16
REF,1,1013,1,R,762485600,rp2040_timer0,16
REF,1,1014,1,R,778485536,rp2040_timer0,16
REF,1,1015,1,R,794485488,rp2040_timer0,16
REF,1,1016,1,R,810485424,rp2040_timer0,16
REF,1,1017,1,R,826485376,rp2040_timer0,16
REF,1,1018,1,R,842485312,rp2040_timer0,16
REF,1,1019,1,R,858485264,rp2040_timer0,16
REF,1,1020,1,R,874485216,rp2040_timer0,16
REF,1,1021,1,R,890485152,rp2040_timer0,16
REF,1,1022,1,R,906485104,rp2040_timer0,16
REF,1,1023,1,R,922485024,rp2040_timer0,16
REF,1,1024,1,R,938484976,rp2040_timer0,16
REF,1,1025,1,R,954484912,rp2040_timer0,16
REF,1,1026,1,R,970484864,rp2040_timer0,16
REF,1,1027,1,R,986484800,rp2040_timer0,16
REF,1,1028,1,R,1002484752,rp2040_timer0,16
REF,1,1029,1,R,1018484704,rp2040_timer0,16
REF,1,1030,1,R,1034484640,rp2040_timer0,16
REF,1,1031,1,R,1050484592,rp2040_timer0,16
REF,1,1032,1,R,1066484544,rp2040_timer0,16
REF,1,1033,1,R,1082484496,rp2040_timer0,16
REF,1,1034,1,R,1098484448,rp2040_timer0,16
REF,1,1035,1,R,1114484384,rp2040_timer0,16
REF,1,1036,1,R,1130484336,rp2040_timer0,16
REF,1,1037,1,R,1146484288,rp2040_timer0,16
REF,1,1038,1,R,1162484240,rp2040_timer0,16
REF,1,1039,1,R,1178484192,rp2040_timer0,16
REF,1,1040,1,R,1194484144,rp2040_timer0,16
REF,1,1041,1,R,1210484096,rp2040_timer0,16
REF,1,1042,1,R,1226484048,rp2040_timer0,16
REF,1,1043,1,R,1242484000,rp2040_timer0,16
REF,1,1044,1,R,1258483952,rp2040_timer0,16
REF,1,1045,1,R,1274483888,rp2040_timer0,16
REF,1,1046,1,R,1290483856,rp2040_timer0,16
REF,1,1047,1,R,1306483808,rp2040_timer0,16
REF,1,1048,1,R,1322483744,rp2040_timer0,16
REF,1,1049,1,R,1338483696,rp2040_timer0,16
REF,1,1050,1,R,1354483648,rp2040_timer0,16
REF,1,1051,1,R,1370483600,rp2040_timer0,16
REF,1,1052,1,R,1386483536,rp2040_timer0,16
REF,1,1053,1,R,1402483488,rp2040_timer0,16
REF,1,1054,1,R,1418483440,rp2040_timer0,16
REF,1,1055,1,R,1434483392,rp2040_timer0,16
REF,1,1056,1,R,1450483328,rp2040_timer0,16
REF,1,1057,1,R,1466483280,rp2040_timer0,16
REF,1,1058,1,R,1482483232,rp2040_timer0,16
REF,1,1059,1,R,1498483168,rp2040_timer0,16
REF,1,1060,1,R,1514483136,rp2040_timer0,16
REF,1,1061,1,R,1530483072,rp2040_timer0,16
REF,1,1062,1,R,1546483024,rp2040_timer0,16
REF,1,1063,1,R,1562482976,rp2040_timer0,16
REF,1,1064,1,R,1578482912,rp2040_timer0,16
REF,1,1065,1,R,1594482864,rp2040_timer0,16
REF,1,1066,1,R,1610482800,rp2040_timer0,16
REF,1,1067,1,R,1626482768,rp2040_timer0,16
REF,1,1068,1,R,1642482704,rp2040_timer0,16
REF,1,1069,1,R,1658482656,rp2040_timer0,16
REF,1,1070,1,R,1674482608,rp2040_timer0,16
REF,1,1071,1,R,1690482560,rp2040_timer0,16
REF,1,1072,1,R,1706482512,rp2040_timer0,16
REF,1,1073,1,R,1722482448,rp2040_timer0,16
REF,1,1074,1,R,1738482384,rp2040_timer0,16
REF,1,1075,1,R,1754482336,rp2040_timer0,16
REF,1,1076,1,R,1770482288,rp2040_timer0,16
REF,1,1077,1,R,1786482224,rp2040_timer0,16
REF,1,1078,1,R,1802482160,rp2040_timer0,16
REF,1,1079,1,R,1818482128,rp2040_timer0,16
REF,1,1080,1,R,1834482064,rp2040_timer0,16
REF,1,1081,1,R,1850482016,rp2040_timer0,16
REF,1,1082,1,R,1866481952,rp2040_timer0,16
REF,1,1083,1,R,1882481904,rp2040_timer0,16
REF,1,1084,1,R,1898481856,rp2040_timer0,16
REF,1,1085,1,R,1914481808,rp2040_timer0,16
REF,1,1086,1,R,1930481760,rp2040_timer0,16
REF,1,1087,1,R,1946481696,rp2040_timer0,16
REF,1,1088,1,R,1962481648,rp2040_timer0,16
REF,1,1089,1,R,1978481584,rp2040_timer0,16
REF,1,1090,1,R,1994481520,rp2040_timer0,16
REF,1,1091,1,R,2010481488,rp2040_timer0,16
REF,1,1092,1,R,2026481424,rp2040_timer0,16
REF,1,1093,1,R,2042481376,rp2040_timer0,16
REF,1,1094,1,R,2058481328,rp2040_timer0,16
REF,1,1095,1,R,2074481280,rp2040_timer0,16
REF,1,1096,1,R,2090481232,rp2040_timer0,16
REF,1,1097,1,R,2106481168,rp2040_timer0,16
REF,1,1098,1,R,2122481104,rp2040_timer0,16
REF,1,1099,1,R,2138481056,rp2040_timer0,16
REF,1,1100,1,R,2154481008,rp2040_timer0,16
REF,1,1101,1,R,2170480944,rp2040_timer0,16
REF,1,1102,1,R,2186480896,rp2040_timer0,16
REF,1,1103,1,R,2202480848,rp2040_timer0,16
REF,1,1104,1,R,2218480784,rp2040_timer0,16
REF,1,1105,1,R,2234480736,rp2040_timer0,16
REF,1,1106,1,R,2250480688,rp2040_timer0,16
REF,1,1107,1,R,2266480624,rp2040_timer0,16
REF,1,1108,1,R,2282480576,rp2040_timer0,16
REF,1,1109,1,R,2298480512,rp2040_timer0,16
REF,1,1110,1,R,2314480448,rp2040_timer0,16
REF,1,1111,1,R,2330480400,rp2040_timer0,16
REF,1,1112,1,R,2346480352,rp2040_timer0,16
REF,1,1113,1,R,2362480304,rp2040_timer0,16
REF,1,1114,1,R,2378480240,rp2040_timer0,16
REF,1,1115,1,R,2394480192,rp2040_timer0,16
REF,1,1116,1,R,2410480128,rp2040_timer0,16
REF,1,1117,1,R,2426480064,rp2040_timer0,16
REF,1,1118,1,R,2442480000,rp2040_timer0,16
REF,1,1119,1,R,2458479952,rp2040_timer0,16
REF,1,1120,1,R,2474479904,rp2040_timer0,16
REF,1,1121,1,R,2490479840,rp2040_timer0,16
REF,1,1122,1,R,2506479776,rp2040_timer0,16
REF,1,1123,1,R,2522479728,rp2040_timer0,16
REF,1,1124,1,R,2538479664,rp2040_timer0,16
REF,1,1125,1,R,2554479600,rp2040_timer0,16
REF,1,1126,1,R,2570479552,rp2040_timer0,16
REF,1,1127,1,R,2586479504,rp2040_timer0,16
REF,1,1128,1,R,2602479440,rp2040_timer0,16
REF,1,1129,1,R,2618479376,rp2040_timer0,16
REF,1,1130,1,R,2634479328,rp2040_timer0,16
REF,1,1131,1,R,2650479264,rp2040_timer0,16
REF,1,1132,1,R,2666479248,rp2040_timer0,16
REF,1,1133,1,R,2682479152,rp2040_timer0,16
REF,1,1134,1,R,2698479088,rp2040_timer0,16
REF,1,1135,1,R,2714479024,rp2040_timer0,16
REF,1,1136,1,R,2730478960,rp2040_timer0,16
REF,1,1137,1,R,2746478912,rp2040_timer0,16
REF,1,1138,1,R,2762478848,rp2040_timer0,16
REF,1,1139,1,R,2778478784,rp2040_timer0,16
REF,1,1140,1,R,2794478704,rp2040_timer0,16
REF,1,1141,1,R,2810478656,rp2040_timer0,16
REF,1,1142,1,R,2826478608,rp2040_timer0,16
REF,1,1143,1,R,2842478560,rp2040_timer0,16
REF,1,1144,1,R,2858478496,rp2040_timer0,16
REF,1,1145,1,R,2874478448,rp2040_timer0,16
REF,1,1146,1,R,2890478400,rp2040_timer0,16
REF,1,1147,1,R,2906478352,rp2040_timer0,16
REF,1,1148,1,R,2922478288,rp2040_timer0,16
REF,1,1149,1,R,2938478240,rp2040_timer0,16
REF,1,1150,1,R,2954478176,rp2040_timer0,16
REF,1,1151,1,R,2970478128,rp2040_timer0,16
REF,1,1152,1,R,2986478080,rp2040_timer0,16
REF,1,1153,1,R,3002478016,rp2040_timer0,16
REF,1,1154,1,R,3018477952,rp2040_timer0,16
REF,1,1155,1,R,3034477904,rp2040_timer0,16
REF,1,1156,1,R,3050477840,rp2040_timer0,16
REF,1,1157,1,R,3066477792,rp2040_timer0,16
REF,1,1158,1,R,3082477728,rp2040_timer0,16
REF,1,1159,1,R,3098477680,rp2040_timer0,16
REF,1,1160,1,R,3114477616,rp2040_timer0,16
REF,1,1161,1,R,3130477552,rp2040_timer0,16
REF,1,1162,1,R,3146477504,rp2040_timer0,16
REF,1,1163,1,R,3162477440,rp2040_timer0,16
REF,1,1164,1,R,3178477392,rp2040_timer0,16
REF,1,1165,1,R,3194477328,rp2040_timer0,16
REF,1,1166,1,R,3210477264,rp2040_timer0,16
REF,1,1167,1,R,3226477216,rp2040_timer0,16
REF,1,1168,1,R,3242477152,rp2040_timer0,16
REF,1,1169,1,R,3258477104,rp2040_timer0,16
REF,1,1170,1,R,3274477056,rp2040_timer0,16
REF,1,1171,1,R,3290476992,rp2040_timer0,16
REF,1,1172,1,R,3306476944,rp2040_timer0,16
REF,1,1173,1,R,3322476896,rp2040_timer0,16
REF,1,1174,1,R,3338476848,rp2040_timer0,16
REF,1,1175,1,R,3354476784,rp2040_timer0,16
REF,1,1176,1,R,3370476720,rp2040_timer0,16
REF,1,1177,1,R,3386476656,rp2040_timer0,16
REF,1,1178,1,R,3402476592,rp2040_timer0,16
REF,1,1179,1,R,3418476512,rp2040_timer0,16
REF,1,1180,1,R,3434476464,rp2040_timer0,16
REF,1,1181,1,R,3450476400,rp2040_timer0,16
REF,1,1182,1,R,3466476320,rp2040_timer0,16
REF,1,1183,1,R,3482476256,rp2040_timer0,16
REF,1,1184,1,R,3498476192,rp2040_timer0,16
REF,1,1185,1,R,3514476128,rp2040_timer0,16
REF,1,1186,1,R,3530476064,rp2040_timer0,16
REF,1,1187,1,R,3546476016,rp2040_timer0,16
REF,1,1188,1,R,3562475936,rp2040_timer0,16
REF,1,1189,1,R,3578475872,rp2040_timer0,16
REF,1,1190,1,R,3594475792,rp2040_timer0,16
REF,1,1191,1,R,3610475728,rp2040_timer0,16
REF,1,1192,1,R,3626475664,rp2040_timer0,16
REF,1,1193,1,R,3642475616,rp2040_timer0,16
REF,1,1194,1,R,3658475536,rp2040_timer0,16
REF,1,1195,1,R,3674475472,rp2040_timer0,16
REF,1,1196,1,R,3690475424,rp2040_timer0,16
REF,1,1197,1,R,3706475360,rp2040_timer0,16
REF,1,1198,1,R,3722475296,rp2040_timer0,16
REF,1,1199,1,R,3738475232,rp2040_timer0,16
REF,1,1200,1,R,3754475168,rp2040_timer0,16
REF,1,1201,1,R,3770475104,rp2040_timer0,16
REF,1,1202,1,R,3786475040,rp2040_timer0,16
REF,1,1203,1,R,3802474976,rp2040_timer0,16
REF,1,1204,1,R,3818474928,rp2040_timer0,16
REF,1,1205,1,R,3834474864,rp2040_timer0,16
REF,1,1206,1,R,3850474800,rp2040_timer0,16
REF,1,1207,1,R,3866474736,rp2040_timer0,16
REF,1,1208,1,R,3882474672,rp2040_timer0,16
REF,1,1209,1,R,3898474608,rp2040_timer0,16
REF,1,1210,1,R,3914474544,rp2040_timer0,16
REF,1,1211,1,R,3930474480,rp2040_timer0,16
REF,1,1212,1,R,3946474416,rp2040_timer0,16
REF,1,1213,1,R,3962474352,rp2040_timer0,16
REF,1,1214,1,R,3978474288,rp2040_timer0,16
REF,1,1215,1,R,3994474240,rp2040_timer0,16
REF,1,1216,1,R,4010474176,rp2040_timer0,16
REF,1,1217,1,R,4026474112,rp2040_timer0,16
REF,1,1218,1,R,4042474064,rp2040_timer0,16
REF,1,1219,1,R,4058474000,rp2040_timer0,16
REF,1,1220,1,R,4074473952,rp2040_timer0,16
REF,1,1221,1,R,4090473888,rp2040_timer0,16
REF,1,1222,1,R,4106473824,rp2040_timer0,16
REF,1,1223,1,R,4122473760,rp2040_timer0,16
REF,1,1224,1,R,4138473696,rp2040_timer0,16
REF,1,1225,1,R,4154473632,rp2040_timer0,16
REF,1,1226,1,R,4170473568,rp2040_timer0,16
REF,1,1227,1,R,4186473504,rp2040_timer0,16
REF,1,1228,1,R,4202473440,rp2040_timer0,16
REF,1,1229,1,R,4218473392,rp2040_timer0,16
REF,1,1230,1,R,4234473328,rp2040_timer0,16
REF,1,1231,1,R,4250473264,rp2040_timer0,16
REF,1,1232,1,R,4266473200,rp2040_timer0,16
REF,1,1233,1,R,4282473152,rp2040_timer0,16
REF,1,1234,1,R,4298473088,rp2040_timer0,16
REF,1,1235,1,R,4314473040,rp2040_timer0,16
REF,1,1236,1,R,4330472976,rp2040_timer0,16
REF,1,1237,1,R,4346472928,rp2040_timer0,16
REF,1,1238,1,R,4362472880,rp2040_timer0,16
REF,1,1239,1,R,4378472816,rp2040_timer0,16
REF,1,1240,1,R,4394472768,rp2040_timer0,16
REF,1,1241,1,R,4410472688,rp2040_timer0,16
REF,1,1242,1,R,4426472624,rp2040_timer0,16
REF,1,1243,1,R,4442472560,rp2040_timer0,16
REF,1,1244,1,R,4458472512,rp2040_timer0,16
REF,1,1245,1,R,4474472464,rp2040_timer0,16
REF,1,1246,1,R,4490472384,rp2040_timer0,16
REF,1,1247,1,R,4506472336,rp2040_timer0,16
REF,1,1248,1,R,4522472272,rp2040_timer0,16
REF,1,1249,1,R,4538472208,rp2040_timer0,16
REF,1,1250,1,R,4554472144,rp2040_timer0,16
REF,1,1251,1,R,4570472096,rp2040_timer0,16
REF,1,1252,1,R,4586472032,rp2040_timer0,16
REF,1,1253,1,R,4602471984,rp2040_timer0,16
REF,1,1254,1,R,4618471920,rp2040_timer0,16
REF,1,1255,1,R,4634471872,rp2040_timer0,16
REF,1,1256,1,R,4650471808,rp2040_timer0,16
REF,1,1257,1,R,4666471744,rp2040_timer0,16
REF,1,1258,1,R,4682471696,rp2040_timer0,16
REF,1,1259,1,R,4698471632,rp2040_timer0,16
REF,1,1260,1,R,4714471600,rp2040_timer0,16
REF,1,1261,1,R,4730471520,rp2040_timer0,16
REF,1,1262,1,R,4746471472,rp2040_timer0,16
REF,1,1263,1,R,4762471408,rp2040_timer0,16
REF,1,1264,1,R,4778471376,rp2040_timer0,16
REF,1,1265,1,R,4794471328,rp2040_timer0,16
REF,1,1266,1,R,4810471264,rp2040_timer0,16
REF,1,1267,1,R,4826471216,rp2040_timer0,16
REF,1,1268,1,R,4842471168,rp2040_timer0,16
REF,1,1269,1,R,4858471120,rp2040_timer0,16
REF,1,1270,1,R,4874471056,rp2040_timer0,16
REF,1,1271,1,R,4890471008,rp2040_timer0,16
REF,1,1272,1,R,4906470960,rp2040_timer0,16
REF,1,1273,1,R,4922470912,rp2040_timer0,16
REF,1,1274,1,R,4938470848,rp2040_timer0,16
REF,1,1275,1,R,4954470816,rp2040_timer0,16
REF,1,1276,1,R,4970470752,rp2040_timer0,16
REF,1,1277,1,R,4986470704,rp2040_timer0,16
REF,1,1278,1,R,5002470640,rp2040_timer0,16
REF,1,1279,1,R,5018470576,rp2040_timer0,16
REF,1,1280,1,R,5034470528,rp2040_timer0,16
REF,1,1281,1,R,5050470464,rp2040_timer0,16
REF,1,1282,1,R,5066470416,rp2040_timer0,16
REF,1,1283,1,R,5082470368,rp2040_timer0,16
REF,1,1284,1,R,5098470304,rp2040_timer0,16
REF,1,1285,1,R,5114470256,rp2040_timer0,16
REF,1,1286,1,R,5130470208,rp2040_timer0,16
REF,1,1287,1,R,5146470160,rp2040_timer0,16
REF,1,1288,1,R,5162470096,rp2040_timer0,16
REF,1,1289,1,R,5178470032,rp2040_timer0,16
REF,1,1290,1,R,5194469968,rp2040_timer0,16
REF,1,1291,1,R,5210469904,rp2040_timer0,16
REF,1,1292,1,R,5226469856,rp2040_timer0,16
REF,1,1293,1,R,5242469840,rp2040_timer0,16
REF,1,1294,1,R,5258469744,rp2040_timer0,16
REF,1,1295,1,R,5274469680,rp2040_timer0,16
REF,1,1296,1,R,5290469632,rp2040_timer0,16
REF,1,1297,1,R,5306469568,rp2040_timer0,16
REF,1,1298,1,R,5322469520,rp2040_timer0,16
REF,1,1299,1,R,5338469456,rp2040_timer0,16
REF,1,1300,1,R,5354469408,rp2040_timer0,16
REF,1,1301,1,R,5370469360,rp2040_timer0,16
REF,1,1302,1,R,5386469296,rp2040_timer0,16
REF,1,1303,1,R,5402469248,rp2040_timer0,16
REF,1,1304,1,R,5418469200,rp2040_timer0,16
REF,1,1305,1,R,5434469136,rp2040_timer0,16
REF,1,1306,1,R,5450469088,rp2040_timer0,16
REF,1,1307,1,R,5466469024,rp2040_timer0,16
REF,1,1308,1,R,5482468960,rp2040_timer0,16
REF,1,1309,1,R,5498468896,rp2040_timer0,16
REF,1,1310,1,R,5514468832,rp2040_timer0,16
REF,1,1311,1,R,5530468800,rp2040_timer0,16
REF,1,1312,1,R,5546468720,rp2040_timer0,16
REF,1,1313,1,R,5562468672,rp2040_timer0,16
REF,1,1314,1,R,5578468608,rp2040_timer0,16
REF,1,1315,1,R,5594468544,rp2040_timer0,16
REF,1,1316,1,R,5610468512,rp2040_timer0,16
REF,1,1317,1,R,5626468448,rp2040_timer0,16
REF,1,1318,1,R,5642468384,rp2040_timer0,16
REF,1,1319,1,R,5658468320,rp2040_timer0,16
REF,1,1320,1,R,5674468272,rp2040_timer0,16
REF,1,1321,1,R,5690468208,rp2040_timer0,16
REF,1,1322,1,R,5706468144,rp2040_timer0,16
REF,1,1323,1,R,5722468096,rp2040_timer0,16
REF,1,1324,1,R,5738468032,rp2040_timer0,16
REF,1,1325,1,R,5754467984,rp2040_timer0,16
REF,1,1326,1,R,5770467952,rp2040_timer0,16
REF,1,1327,1,R,5786467888,rp2040_timer0,16
REF,1,1328,1,R,5802467824,rp2040_timer0,16
REF,1,1329,1,R,5818467760,rp2040_timer0,16
REF,1,1330,1,R,5834467696,rp2040_timer0,16
REF,1,1331,1,R,5850467632,rp2040_timer0,16
REF,1,1332,1,R,5866467584,rp2040_timer0,16
REF,1,1333,1,R,5882467520,rp2040_timer0,16
REF,1,1334,1,R,5898467472,rp2040_timer0,16
REF,1,1335,1,R,5914467424,rp2040_timer0,16
REF,1,1336,1,R,5930467360,rp2040_timer0,16
REF,1,1337,1,R,5946467312,rp2040_timer0,16
REF,1,1338,1,R,5962467248,rp2040_timer0,16
REF,1,1339,1,R,5978467184,rp2040_timer0,16
REF,1,1340,1,R,5994467136,rp2040_timer0,16
REF,1,1341,1,R,6010467056,rp2040_timer0,16
REF,1,1342,1,R,6026466992,rp2040_timer0,16
REF,1,1343,1,R,6042466928,rp2040_timer0,16
REF,1,1344,1,R,6058466864,rp2040_timer0,16
REF,1,1345,1,R,6074466800,rp2040_timer0,16
REF,1,1346,1,R,6090466752,rp2040_timer0,16
REF,1,1347,1,R,6106466672,rp2040_timer0,16
REF,1,1348,1,R,6122466608,rp2040_timer0,16
REF,1,1349,1,R,6138466560,rp2040_timer0,16
REF,1,1350,1,R,6154466480,rp2040_timer0,16
REF,1,1351,1,R,6170466416,rp2040_timer0,16
REF,1,1352,1,R,6186466368,rp2040_timer0,16
REF,1,1353,1,R,6202466304,rp2040_timer0,16
REF,1,1354,1,R,6218466256,rp2040_timer0,16
REF,1,1355,1,R,6234466192,rp2040_timer0,16
REF,1,1356,1,R,6250466128,rp2040_timer0,16
REF,1,1357,1,R,6266466064,rp2040_timer0,16
REF,1,1358,1,R,6282466016,rp2040_timer0,16
REF,1,1359,1,R,6298465952,rp2040_timer0,16
REF,1,1360,1,R,6314465888,rp2040_timer0,16
REF,1,1361,1,R,6330465824,rp2040_timer0,16
REF,1,1362,1,R,6346465760,rp2040_timer0,16
REF,1,1363,1,R,6362465696,rp2040_timer0,16
REF,1,1364,1,R,6378465632,rp2040_timer0,16
REF,1,1365,1,R,6394465584,rp2040_timer0,16
REF,1,1366,1,R,6410465520,rp2040_timer0,16
REF,1,1367,1,R,6426465472,rp2040_timer0,16
REF,1,1368,1,R,6442465408,rp2040_timer0,16
REF,1,1369,1,R,6458465344,rp2040_timer0,16
REF,1,1370,1,R,6474465280,rp2040_timer0,16
REF,1,1371,1,R,6490465216,rp2040_timer0,16
REF,1,1372,1,R,6506465152,rp2040_timer0,16
REF,1,1373,1,R,6522465104,rp2040_timer0,16
REF,1,1374,1,R,6538465056,rp2040_timer0,16
REF,1,1375,1,R,6554464992,rp2040_timer0,16
REF,1,1376,1,R,6570464944,rp2040_timer0,16
REF,1,1377,1,R,6586464896,rp2040_timer0,16
REF,1,1378,1,R,6602464832,rp2040_timer0,16
REF,1,1379,1,R,6618464768,rp2040_timer0,16
REF,1,1380,1,R,6634464704,rp2040_timer0,16
REF,1,1381,1,R,6650464672,rp2040_timer0,16
REF,1,1382,1,R,6666464592,rp2040_timer0,16
REF,1,1383,1,R,6682464528,rp2040_timer0,16
REF,1,1384,1,R,6698464464,rp2040_timer0,16
REF,1,1385,1,R,6714464416,rp2040_timer0,16
REF,1,1386,1,R,6730464352,rp2040_timer0,16
REF,1,1387,1,R,6746464288,rp2040_timer0,16
REF,1,1388,1,R,6762464240,rp2040_timer0,16
REF,1,1389,1,R,6778464160,rp2040_timer0,16
REF,1,1390,1,R,6794464096,rp2040_timer0,16
REF,1,1391,1,R,6810464048,rp2040_timer0,16
REF,1,1392,1,R,6826463984,rp2040_timer0,16
REF,1,1393,1,R,6842463920,rp2040_timer0,16
REF,1,1394,1,R,6858463840,rp2040_timer0,16
REF,1,1395,1,R,6874463792,rp2040_timer0,16
REF,1,1396,1,R,6890463728,rp2040_timer0,16
REF,1,1397,1,R,6906463664,rp2040_timer0,16
REF,1,1398,1,R,6922463584,rp2040_timer0,16
REF,1,1399,1,R,6938463520,rp2040_timer0,16
REF,1,1400,1,R,6954463440,rp2040_timer0,16
REF,1,1401,1,R,6970463376,rp2040_timer0,16
REF,1,1402,1,R,6986463328,rp2040_timer0,16
REF,1,1403,1,R,7002463248,rp2040_timer0,16
REF,1,1404,1,R,7018463184,rp2040_timer0,16
REF,1,1405,1,R,7034463104,rp2040_timer0,16
REF,1,1406,1,R,7050463056,rp2040_timer0,16
REF,1,1407,1,R,7066462976,rp2040_timer0,16
REF,1,1408,1,R,7082462912,rp2040_timer0,16
REF,1,1409,1,R,7098462848,rp2040_timer0,16
REF,1,1410,1,R,7114462800,rp2040_timer0,16
REF,1,1411,1,R,7130462736,rp2040_timer0,16
REF,1,1412,1,R,7146462672,rp2040_timer0,16
REF,1,1413,1,R,7162462624,rp2040_timer0,16
REF,1,1414,1,R,7178462560,rp2040_timer0,16
REF,1,1415,1,R,7194462496,rp2040_timer0,16
REF,1,1416,1,R,7210462432,rp2040_timer0,16
REF,1,1417,1,R,7226462368,rp2040_timer0,16
REF,1,1418,1,R,7242462304,rp2040_timer0,16
REF,1,1419,1,R,7258462240,rp2040_timer0,16
REF,1,1420,1,R,7274462176,rp2040_timer0,16
REF,1,1421,1,R,7290462112,rp2040_timer0,16
REF,1,1422,1,R,7306462064,rp2040_timer0,16
REF,1,1423,1,R,7322462000,rp2040_timer0,16
REF,1,1424,1,R,7338461936,rp2040_timer0,16
REF,1,1425,1,R,7354461872,rp2040_timer0,16
REF,1,1426,1,R,7370461808,rp2040_timer0,16
REF,1,1427,1,R,7386461728,rp2040_timer0,16
REF,1,1428,1,R,7402461664,rp2040_timer0,16
REF,1,1429,1,R,7418461600,rp2040_timer0,16
REF,1,1430,1,R,7434461536,rp2040_timer0,16
REF,1,1431,1,R,7450461472,rp2040_timer0,16
REF,1,1432,1,R,7466461408,rp2040_timer0,16
REF,1,1433,1,R,7482461344,rp2040_timer0,16
REF,1,1434,1,R,7498461296,rp2040_timer0,16
REF,1,1435,1,R,7514461232,rp2040_timer0,16
REF,1,1436,1,R,7530461168,rp2040_timer0,16
REF,1,1437,1,R,7546461088,rp2040_timer0,16
REF,1,1438,1,R,7562461024,rp2040_timer0,16
REF,1,1439,1,R,7578460960,rp2040_timer0,16
REF,1,1440,1,R,7594460896,rp2040_timer0,16
REF,1,1441,1,R,7610460832,rp2040_timer0,16
REF,1,1442,1,R,7626460752,rp2040_timer0,16
REF,1,1443,1,R,7642460688,rp2040_timer0,16
REF,1,1444,1,R,7658460624,rp2040_timer0,16
REF,1,1445,1,R,7674460560,rp2040_timer0,16
REF,1,1446,1,R,7690460496,rp2040_timer0,16
REF,1,1447,1,R,7706460432,rp2040_timer0,16
REF,1,1448,1,R,7722460352,rp2040_timer0,16
REF,1,1449,1,R,7738460288,rp2040_timer0,16
REF,1,1450,1,R,7754460224,rp2040_timer0,16
REF,1,1451,1,R,7770460160,rp2040_timer0,16
REF,1,1452,1,R,7786460080,rp2040_timer0,16
REF,1,1453,1,R,7802460016,rp2040_timer0,16
REF,1,1454,1,R,7818459968,rp2040_timer0,16
REF,1,1455,1,R,7834459888,rp2040_timer0,16
REF,1,1456,1,R,7850459824,rp2040_timer0,16
REF,1,1457,1,R,7866459760,rp2040_timer0,16
REF,1,1458,1,R,7882459696,rp2040_timer0,16
REF,1,1459,1,R,7898459632,rp2040_timer0,16
REF,1,1460,1,R,7914459568,rp2040_timer0,16
REF,1,1461,1,R,7930459504,rp2040_timer0,16
REF,1,1462,1,R,7946459424,rp2040_timer0,16
REF,1,1463,1,R,7962459360,rp2040_timer0,16
REF,1,1464,1,R,7978459296,rp2040_timer0,16
REF,1,1465,1,R,7994459232,rp2040_timer0,16
REF,1,1466,1,R,8010459168,rp2040_timer0,16
REF,1,1467,1,R,8026459104,rp2040_timer0,16
REF,1,1468,1,R,8042459056,rp2040_timer0,16
REF,1,1469,1,R,8058458992,rp2040_timer0,16
REF,1,1470,1,R,8074458912,rp2040_timer0,16
REF,1,1471,1,R,8090458848,rp2040_timer0,16
REF,1,1472,1,R,8106458800,rp2040_timer0,16
REF,1,1473,1,R,8122458736,rp2040_timer0,16
REF,1,1474,1,R,8138458672,rp2040_timer0,16
REF,1,1475,1,R,8154458624,rp2040_timer0,16
REF,1,1476,1,R,8170458544,rp2040_timer0,16
REF,1,1477,1,R,8186458480,rp2040_timer0,16
REF,1,1478,1,R,8202458416,rp2040_timer0,16
REF,1,1479,1,R,8218458352,rp2040_timer0,16
REF,1,1480,1,R,8234458288,rp2040_timer0,16
REF,1,1481,1,R,8250458224,rp2040_timer0,16
REF,1,1482,1,R,8266458160,rp2040_timer0,16
REF,1,1483,1,R,8282458096,rp2040_timer0,16
REF,1,1484,1,R,8298458016,rp2040_timer0,16
REF,1,1485,1,R,8314457952,rp2040_timer0,16
REF,1,1486,1,R,8330457872,rp2040_timer0,16
REF,1,1487,1,R,8346457792,rp2040_timer0,16
REF,1,1488,1,R,8362457728,rp2040_timer0,16
REF,1,1489,1,R,8378457648,rp2040_timer0,16
REF,1,1490,1,R,8394457568,rp2040_timer0,16
REF,1,1491,1,R,8410457504,rp2040_timer0,16
REF,1,1492,1,R,8426457424,rp2040_timer0,16
REF,1,1493,1,R,8442457360,rp2040_timer0,16
REF,1,1494,1,R,8458457280,rp2040_timer0,16
REF,1,1495,1,R,8474457216,rp2040_timer0,16
REF,1,1496,1,R,8490457136,rp2040_timer0,16
REF,1,1497,1,R,8506457072,rp2040_timer0,16
REF,1,1498,1,R,8522456992,rp2040_timer0,16
REF,1,1499,1,R,8538456928,rp2040_timer0,16
REF,1,1500,1,R,8554456864,rp2040_timer0,16
REF,1,1501,1,R,8570456800,rp2040_timer0,16
REF,1,1502,1,R,8586456720,rp2040_timer0,16
REF,1,1503,1,R,8602456656,rp2040_timer0,16
REF,1,1504,1,R,8618456592,rp2040_timer0,16
REF,1,1505,1,R,8634456512,rp2040_timer0,16
REF,1,1506,1,R,8650456448,rp2040_timer0,16
REF,1,1507,1,R,8666456384,rp2040_timer0,16
REF,1,1508,1,R,8682456304,rp2040_timer0,16
REF,1,1509,1,R,8698456224,rp2040_timer0,16
REF,1,1510,1,R,8714456144,rp2040_timer0,16
REF,1,1511,1,R,8730456080,rp2040_timer0,16
REF,1,1512,1,R,8746456000,rp2040_timer0,16
REF,1,1513,1,R,8762455920,rp2040_timer0,16
REF,1,1514,1,R,8778455856,rp2040_timer0,16
REF,1,1515,1,R,8794455776,rp2040_timer0,16
REF,1,1516,1,R,8810455712,rp2040_timer0,16
REF,1,1517,1,R,8826455632,rp2040_timer0,16
REF,1,1518,1,R,8842455552,rp2040_timer0,16
REF,1,1519,1,R,8858455488,rp2040_timer0,16
REF,1,1520,1,R,8874455408,rp2040_timer0,16
REF,1,1521,1,R,8890455344,rp2040_timer0,16
REF,1,1522,1,R,8906455264,rp2040_timer0,16
REF,1,1523,1,R,8922455200,rp2040_timer0,16
REF,1,1524,1,R,8938455120,rp2040_timer0,16
REF,1,1525,1,R,8954455056,rp2040_timer0,16
REF,1,1526,1,R,8970454976,rp2040_timer0,16
REF,1,1527,1,R,8986454896,rp2040_timer0,16
REF,1,1528,1,R,9002454832,rp2040_timer0,16
REF,1,1529,1,R,9018454752,rp2040_timer0,16
REF,1,1530,1,R,9034454672,rp2040_timer0,16
REF,1,1531,1,R,9050454592,rp2040_timer0,16
REF,1,1532,1,R,9066454512,rp2040_timer0,16
REF,1,1533,1,R,9082454432,rp2040_timer0,16
REF,1,1534,1,R,9098454352,rp2040_timer0,16
REF,1,1535,1,R,9114454288,rp2040_timer0,16
REF,1,1536,1,R,9130454208,rp2040_timer0,16
REF,1,1537,1,R,9146454112,rp2040_timer0,16
REF,1,1538,1,R,9162454032,rp2040_timer0,16
REF,1,1539,1,R,9178453968,rp2040_timer0,16
REF,1,1540,1,R,9194453888,rp2040_timer0,16
REF,1,1541,1,R,9210453824,rp2040_timer0,16
REF,1,1542,1,R,9226453744,rp2040_timer0,16
REF,1,1543,1,R,9242453664,rp2040_timer0,16
REF,1,1544,1,R,9258453584,rp2040_timer0,16
REF,1,1545,1,R,9274453504,rp2040_timer0,16
REF,1,1546,1,R,9290453408,rp2040_timer0,16
REF,1,1547,1,R,9306453344,rp2040_timer0,16
REF,1,1548,1,R,9322453280,rp2040_timer0,16
REF,1,1549,1,R,9338453200,rp2040_timer0,16
REF,1,1550,1,R,9354453120,rp2040_timer0,16
REF,1,1551,1,R,9370453056,rp2040_timer0,16
REF,1,1552,1,R,9386452960,rp2040_timer0,16
REF,1,1553,1,R,9402452880,rp2040_timer0,16
REF,1,1554,1,R,9418452800,rp2040_timer0,16
REF,1,1555,1,R,9434452720,rp2040_timer0,16
REF,1,1556,1,R,9450452640,rp2040_timer0,16
REF,1,1557,1,R,9466452560,rp2040_timer0,16
REF,1,1558,1,R,9482452496,rp2040_timer0,16
REF,1,1559,1,R,9498452416,rp2040_timer0,16
REF,1,1560,1,R,9514452352,rp2040_timer0,16
REF,1,1561,1,R,9530452272,rp2040_timer0,16
REF,1,1562,1,R,9546452192,rp2040_timer0,16
REF,1,1563,1,R,9562452128,rp2040_timer0,16
REF,1,1564,1,R,9578452048,rp2040_timer0,16
REF,1,1565,1,R,9594451968,rp2040_timer0,16
REF,1,1566,1,R,9610451888,rp2040_timer0,16
REF,1,1567,1,R,9626451808,rp2040_timer0,16
REF,1,1568,1,R,9642451744,rp2040_timer0,16
REF,1,1569,1,R,9658451664,rp2040_timer0,16
REF,1,1570,1,R,9674451600,rp2040_timer0,16
REF,1,1571,1,R,9690451520,rp2040_timer0,16
REF,1,1572,1,R,9706451440,rp2040_timer0,16
REF,1,1573,1,R,9722451360,rp2040_timer0,16
REF,1,1574,1,R,9738451280,rp2040_timer0,16
REF,1,1575,1,R,9754451216,rp2040_timer0,16
REF,1,1576,1,R,9770451152,rp2040_timer0,16
REF,1,1577,1,R,9786451072,rp2040_timer0,16
REF,1,1578,1,R,9802450992,rp2040_timer0,16
REF,1,1579,1,R,9818450928,rp2040_timer0,16
REF,1,1580,1,R,9834450864,rp2040_timer0,16
REF,1,1581,1,R,9850450784,rp2040_timer0,16
REF,1,1582,1,R,9866450720,rp2040_timer0,16
REF,1,1583,1,R,9882450656,rp2040_timer0,16
REF,1,1584,1,R,9898450576,rp2040_timer0,16
REF,1,1585,1,R,9914450512,rp2040_timer0,16
REF,1,1586,1,R,9930450432,rp2040_timer0,16
REF,1,1587,1,R,9946450352,rp2040_timer0,16
REF,1,1588,1,R,9962450288,rp2040_timer0,16
REF,1,1589,1,R,9978450208,rp2040_timer0,16
REF,1,1590,1,R,9994450144,rp2040_timer0,16
REF,1,1591,1,R,10010450064,rp2040_timer0,16
REF,1,1592,1,R,10026449984,rp2040_timer0,16
REF,1,1593,1,R,10042449904,rp2040_timer0,16
REF,1,1594,1,R,10058449824,rp2040_timer0,16
REF,1,1595,1,R,10074449744,rp2040_timer0,16
REF,1,1596,1,R,10090449680,rp2040_timer0,16
REF,1,1597,1,R,10106449600,rp2040_timer0,16
REF,1,1598,1,R,10122449536,rp2040_timer0,16
REF,1,1599,1,R,10138449456,rp2040_timer0,16
REF,1,1600,1,R,10154449376,rp2040_timer0,16
REF,1,1601,1,R,10170449296,rp2040_timer0,16
REF,1,1602,1,R,10186449216,rp2040_timer0,16
REF,1,1603,1,R,10202449136,rp2040_timer0,16
REF,1,1604,1,R,10218449056,rp2040_timer0,16
REF,1,1605,1,R,10234448976,rp2040_timer0,16
REF,1,1606,1,R,10250448896,rp2040_timer0,16
REF,1,1607,1,R,10266448864,rp2040_timer0,16
REF,1,1608,1,R,10282448768,rp2040_timer0,16
REF,1,1609,1,R,10298448688,rp2040_timer0,16
REF,1,1610,1,R,10314448624,rp2040_timer0,16
REF,1,1611,1,R,10330448560,rp2040_timer0,16
REF,1,1612,1,R,10346448480,rp2040_timer0,16
REF,1,1613,1,R,10362448400,rp2040_timer0,16
REF,1,1614,1,R,10378448336,rp2040_timer0,16
REF,1,1615,1,R,10394448256,rp2040_timer0,16
REF,1,1616,1,R,10410448192,rp2040_timer0,16
REF,1,1617,1,R,10426448112,rp2040_timer0,16
REF,1,1618,1,R,10442448048,rp2040_timer0,16
REF,1,1619,1,R,10458447984,rp2040_timer0,16
REF,1,1620,1,R,10474447920,rp2040_timer0,16
REF,1,1621,1,R,10490447840,rp2040_timer0,16
REF,1,1622,1,R,10506447776,rp2040_timer0,16
REF,1,1623,1,R,10522447696,rp2040_timer0,16
REF,1,1624,1,R,10538447616,rp2040_timer0,16
REF,1,1625,1,R,10554447536,rp2040_timer0,16
REF,1,1626,1,R,10570447456,rp2040_timer0,16
REF,1,1627,1,R,10586447392,rp2040_timer0,16
REF,1,1628,1,R,10602447312,rp2040_timer0,16
REF,1,1629,1,R,10618447248,rp2040_timer0,16
REF,1,1630,1,R,10634447168,rp2040_timer0,16
REF,1,1631,1,R,10650447120,rp2040_timer0,16
REF,1,1632,1,R,10666447024,rp2040_timer0,16
REF,1,1633,1,R,10682446944,rp2040_timer0,16
REF,1,1634,1,R,10698446864,rp2040_timer0,16
REF,1,1635,1,R,10714446800,rp2040_timer0,16
REF,1,1636,1,R,10730446736,rp2040_timer0,16
REF,1,1637,1,R,10746446656,rp2040_timer0,16
REF,1,1638,1,R,10762446576,rp2040_timer0,16
REF,1,1639,1,R,10778446496,rp2040_timer0,16
REF,1,1640,1,R,10794446432,rp2040_timer0,16
REF,1,1641,1,R,10810446368,rp2040_timer0,16
REF,1,1642,1,R,10826446288,rp2040_timer0,16
REF,1,1643,1,R,10842446208,rp2040_timer0,16
REF,1,1644,1,R,10858446144,rp2040_timer0,16
REF,1,1645,1,R,10874446064,rp2040_timer0,16
REF,1,1646,1,R,10890446016,rp2040_timer0,16
REF,1,1647,1,R,10906445936,rp2040_timer0,16
REF,1,1648,1,R,10922445840,rp2040_timer0,16
REF,1,1649,1,R,10938445776,rp2040_timer0,16
REF,1,1650,1,R,10954445712,rp2040_timer0,16
REF,1,1651,1,R,10970445648,rp2040_timer0,16
REF,1,1652,1,R,10986445568,rp2040_timer0,16
REF,1,1653,1,R,11002445488,rp2040_timer0,16
REF,1,1654,1,R,11018445424,rp2040_timer0,16
REF,1,1655,1,R,11034445344,rp2040_timer0,16
REF,1,1656,1,R,11050445280,rp2040_timer0,16
REF,1,1657,1,R,11066445200,rp2040_timer0,16
REF,1,1658,1,R,11082445136,rp2040_timer0,16
REF,1,1659,1,R,11098445056,rp2040_timer0,16
REF,1,1660,1,R,11114444992,rp2040_timer0,16
REF,1,1661,1,R,11130444912,rp2040_timer0,16
REF,1,1662,1,R,11146444848,rp2040_timer0,16
REF,1,1663,1,R,11162444784,rp2040_timer0,16
REF,1,1664,1,R,11178444704,rp2040_timer0,16
REF,1,1665,1,R,11194444640,rp2040_timer0,16
REF,1,1666,1,R,11210444576,rp2040_timer0,16
REF,1,1667,1,R,11226444512,rp2040_timer0,16
REF,1,1668,1,R,11242444432,rp2040_timer0,16
REF,1,1669,1,R,11258444368,rp2040_timer0,16
REF,1,1670,1,R,11274444304,rp2040_timer0,16
REF,1,1671,1,R,11290444240,rp2040_timer0,16
REF,1,1672,1,R,11306444176,rp2040_timer0,16
REF,1,1673,1,R,11322444112,rp2040_timer0,16
REF,1,1674,1,R,11338444032,rp2040_timer0,16
REF,1,1675,1,R,11354443968,rp2040_timer0,16
REF,1,1676,1,R,11370443888,rp2040_timer0,16
REF,1,1677,1,R,11386443824,rp2040_timer0,16
REF,1,1678,1,R,11402443776,rp2040_timer0,16
REF,1,1679,1,R,11418443696,rp2040_timer0,16
REF,1,1680,1,R,11434443616,rp2040_timer0,16
REF,1,1681,1,R,11450443536,rp2040_timer0,16
REF,1,1682,1,R,11466443488,rp2040_timer0,16
REF,1,1683,1,R,11482443424,rp2040_timer0,16
REF,1,1684,1,R,11498443344,rp2040_timer0,16
REF,1,1685,1,R,11514443264,rp2040_timer0,16
REF,1,1686,1,R,11530443200,rp2040_timer0,16
REF,1,1687,1,R,11546443120,rp2040_timer0,16
REF,1,1688,1,R,11562443072,rp2040_timer0,16
REF,1,1689,1,R,11578442976,rp2040_timer0,16
REF,1,1690,1,R,11594442896,rp2040_timer0,16
REF,1,1691,1,R,11610442832,rp2040_timer0,16
REF,1,1692,1,R,11626442752,rp2040_timer0,16
REF,1,1693,1,R,11642442704,rp2040_timer0,16
REF,1,1694,1,R,11658442624,rp2040_timer0,16
REF,1,1695,1,R,11674442560,rp2040_timer0,16
REF,1,1696,1,R,11690442464,rp2040_timer0,16
REF,1,1697,1,R,11706442384,rp2040_timer0,16
REF,1,1698,1,R,11722442320,rp2040_timer0,16
REF,1,1699,1,R,11738442240,rp2040_timer0,16
REF,1,1700,1,R,11754442160,rp2040_timer0,16
REF,1,1701,1,R,11770442080,rp2040_timer0,16
REF,1,1702,1,R,11786442000,rp2040_timer0,16
REF,1,1703,1,R,11802441952,rp2040_timer0,16
REF,1,1704,1,R,11818441872,rp2040_timer0,16
REF,1,1705,1,R,11834441776,rp2040_timer0,16
REF,1,1706,1,R,11850441712,rp2040_timer0,16
REF,1,1707,1,R,11866441632,rp2040_timer0,16
REF,1,1708,1,R,11882441568,rp2040_timer0,16
REF,1,1709,1,R,11898441472,rp2040_timer0,16
REF,1,1710,1,R,11914441408,rp2040_timer0,16
REF,1,1711,1,R,11930441328,rp2040_timer0,16
REF,1,1712,1,R,11946441248,rp2040_timer0,16
REF,1,1713,1,R,11962441200,rp2040_timer0,16
REF,1,1714,1,R,11978441104,rp2040_timer0,16
REF,1,1715,1,R,11994441024,rp2040_timer0,16
REF,1,1716,1,R,12010440960,rp2040_timer0,16
REF,1,1717,1,R,12026440880,rp2040_timer0,16
REF,1,1718,1,R,12042440816,rp2040_timer0,16
REF,1,1719,1,R,12058440736,rp2040_timer0,16
REF,1,1720,1,R,12074440656,rp2040_timer0,16
REF,1,1721,1,R,12090440608,rp2040_timer0,16
REF,1,1722,1,R,12106440528,rp2040_timer0,16
REF,1,1723,1,R,12122440464,rp2040_timer0,16
REF,1,1724,1,R,12138440384,rp2040_timer0,16
